id_vente,date_vente,id_client,id_produit,id_magasin,quantite
V001,2026-03-23,C002,P001,M006,3.0
V002,2026-02-01,C004,P003,M006,1.0
V003,2026-03-28,C009,P002,M005,4.0
V004,2026-01-05,C001,P002,M002,2.0
V005,2026-03-06,C010,P001,M005,2.0
V006,2026-02-30,C009,P007,M002,4.0
V007,2026-03-17,C005,P001,M002,6.0
V008,2026-02-24,C006,P005,M002,2.0
V009,2026-02-13,C002,P002,M004,1.0
V010,2026-02-15,C006,P010,M003,1.0
V011,2026-02-28,C009,P002,M004,1.0
V012,2026-03-12,C005,P010,M003,-2.0
V013,2026-01-25,C002,P001,M006,2.0
V014,2026-02-07,C002,P004,M001,4.0
V015,2026-02-05,C008,P006,M002,3.0
V016,2026-02-15,C004,P005,M006,6.0
V017,2026-03-24,C002,P010,M006,2.0
V018,2026-03-10,C004,P003,M004,
V019,2026-02-04,C009,P004,M006,3.0
V020,2026-01-08,C004,P001,M003,4.0
V021,2026-02-04,C002,P004,M005,6.0
V022,2026-02-10,C004,P008,M004,6.0
V023,2026-02-28,C003,P005,M002,2.0
V024,2026-03-13,C999,P005,M006,5.0
V025,2026-02-24,C010,P007,M003,2.0
V026,2026-01-18,C009,P008,M001,1.0
V027,2026-01-15,C003,P003,M006,4.0
V028,2026-03-18,C002,P007,M004,5.0
V029,2026-03-01,C009,P005,M005,1.0
V030,2026-03-29,C002,P009,M003,6.0
V031,2026-02-13,C002,P005,M004,2.0
V032,2026-02-28,C001,P999,M005,2.0
V033,2026-03-06,C002,P005,M006,5.0
V034,2026-03-19,C004,P003,M003,2.0
V035,2026-03-11,C009,P001,M005,3.0
V036,2026-03-04,C001,P002,M003,3.0
V037,2026-01-31,C001,P004,M005,1.0
V038,2026-01-11,C008,P002,M005,2.0
V039,2026-01-17,C008,P009,M002,3.0
V040,2026-03-09,C010,P007,M999,5.0
V041,2026-03-30,C004,P005,M004,6.0
V042,2026-03-25,C006,P008,M005,4.0
V043,2026-01-16,C004,P004,M001,3.0
V044,2026-01-03,C010,P009,M002,5.0
V045,2026-01-29,C001,P002,M006,6.0
V046,,C004,P002,M001,3.0
V047,2026-01-10,C009,P004,M003,6.0
V048,2026-03-04,C004,P009,M002,6.0
V049,2026-03-15,C010,P008,M002,4.0
V050,2026-02-22,C004,P002,M001,6.0
V051,2026-02-25,C006,P007,M004,4.0
V052,2026-01-07,C002,P001,M004,6.0
V053,2026-02-13,C002,P004,M002,0.0
V054,2026-03-10,C008,P003,M004,2.0
V055,2026-02-05,C008,P004,M001,4.0
V056,2026-03-12,C002,P001,M006,5.0
V057,2026-01-02,C002,P004,M002,4.0
V058,2026-03-04,C008,P004,M004,1.0
V059,2026-01-22,C007,P001,M004,3.0
V060,2026-02-28,C005,P007,M006,6.0
V061,2026-03-13,C008,P003,M002,3.0
V062,2026-01-28,C001,P010,M006,5.0
V063,2026-01-08,C006,P001,M001,5.0
V064,2026-03-03,C009,P009,M002,1.0
V065,2026-03-07,C002,P003,M001,5.0
V066,2026-01-09,C004,P007,M001,5.0
V067,2026-02-01,C010,P010,M001,5.0
V068,2026-01-11,C007,P010,M005,5.0
V069,2026-02-10,C005,P004,M006,6.0
V070,2026-02-10,C004,P005,M004,2.0
V071,2026-03-27,C005,P008,M003,1.0
V072,2026-01-02,C008,P010,M005,1.0
V073,2026-01-10,C009,P004,M005,3.0
V074,2026-01-17,C006,P002,M002,3.0
V075,2026-02-06,C003,P008,M005,6.0
V076,2026-02-08,C010,P009,M001,6.0
V077,2026-03-12,C005,P002,M002,3.0
V078,2026-01-15,C002,P009,M002,3.0
V079,2026-02-06,C010,P004,M006,3.0
V080,2026-01-27,C005,P009,M004,3.0
V010,2026-02-15,C006,P010,M003,1.0
